id, name, type, location
verekia, "Jonathan Verrecchia", User, "Paris, France"
ruanyf, "Ruan YiFeng", User, "Shanghai, China"
samyk, "Samy Kamkar", User, "Los Angeles, California"
th0r, "Yuriy Grunin", User, ""
devongovett, "Devon Govett", User, "San Francisco"
turbo, "minxomat", User, "Leipzig & London"
lukehaas, "Luke Haas", User, "London"
pubkey, "Daniel M", User, "Germany, Stuttgart"
MicheleBertoli, "Michele Bertoli", User, "London, UK"
siddharthkp, "Siddharth Kshetrapal", User, "Bangalore, India"
wellsjo, "Wells Johnston", User, "New York City"
ggomaeng, "Sung Woo Park", User, "Los Angeles, CA"
mathisonian, "Matthew Conlen", User, "Seattle"
cramforce, "Malte Ubl", User, "Alameda, CA, USA"
hkirat, "harkirat singh", User, "Roorkee , Uttrakhand , India"
jakebian, "Jake Bian", User, "SF"
QingWei-Li, "cinwell.li", User, "Shanghai"
guerrerocarlos, "Carlos Guerrero", User, ""
dmotz, "Dan Motzenbecker", User, "NYC"
andywer, "Andy Wermke", User, "Leipzig, Germany"
jmurzy, "Jake Murzy", User, "San Francisco, CA"
chvin, "Chvin", User, "China,HangZhou"
chemzqm, "Qiming zhao", User, "Beijing, China"
samgozman, "Sam Gozman", User, "Russia, Saint-Peterburg"
tannerlinsley, "Tanner Linsley", User, "Utah"
dreamapplehappy, "dreamapple", User, "Hangzhou"
kingdido999, "Desmond", User, "San Francisco"
threepointone, "Sunil Pai", User, "Bangalore, India"
wangdicoder, "Di Wang", User, "Melbourne, VIC, Australia"
kubek2k, "Jakub Janczak", User, ""
jxnblk, "Brent Jackson", User, "New York City"
lipeiwei-szu, "lipeiwei", User, "shenzhen"
mmckegg, "Matt McKegg", User, "Wellington, New Zealand"
kiqs, "Kirill Stepkin", User, ""
sylvainpolletvillard, "Sylvain Pollet-Villard", User, ""
lzxb, "狼族小狈", User, "中国"
diegohaz, "Haz", User, "Rio de Janeiro, Brazil"
lelandrichardson, "Leland Richardson", User, "San Francisco, CA"
goessner, "Stefan Goessner", User, "Germany"
nikgraf, "Nik Graf", User, "Vienna / San Francisco"
feross, "Feross Aboukhadijeh", User, "Mountain View, CA"
gajus, "Gajus Kuizinas", User, "London"
FGRibreau, "Francois-Guillaume Ribreau", User, "Nantes, France"
PabloSichert, "Pablo Sichert", User, "Copenhagen, Denmark"
nolanlawson, "Nolan Lawson", User, "Seattle"
jstimpfle, "Jens Stimpfle", User, ""
huangyaoxin, "Hyx", User, "郑州"
mariusandra, "Marius Andra", User, "Leuven, Belgium"
i-break-codes, "Vaibhav Mehta", User, "Mumbai"
icindy, "Di", User, "四川成都"
caroso1222, "Carlos Roso", User, "Colombia"
ben-eb, "Ben Briggs", User, ""
hharnisc, "Harrison Harnisch", User, "Chicago"
bailicangdu, "cangdu", User, "shanghai"
sindu12jun, "sindu12jun", User, "Beijing"
pcbje, "Petter Christian Bjelland", User, "Oslo, Norway"
tholman, "Tim Holman", User, "NYC, for the most part."
egoist, "EGOIST", User, "Chengdu, China"
RebeccaHanjw, "Rebecca Han", User, ""
2muchcoffeecom, "2muchcoffee", User, "Zaporizhzhya"
schmooblidon, "", User, ""
ondras, "Ondřej Žára", User, "Prague"
sonnylazuardi, "Sonny Lazuardi", User, "Bandung, Indonesia"
ageitgey, "Adam Geitgey", User, "Various places"
zzarcon, "Hector Zarco ", User, "✈"
jeffjose, "Jeffrey Jose", User, "Philadelphia, PA"
liujians, "刘剑", User, "Cheng Du Si Chuan"
oopsguy, "Oopsguy", User, "China"
qieguo2016, "茄果", User, ""
JuneDomingo, "June Domingo", User, "Ilagan City, Isabela Philippines"
jaridmargolin, "Jarid Margolin", User, "San Francisco"
stml, "James Bridle", User, ""
thanhtungdp, "Phan Thanh Tùng", User, ""
chrisallenlane, "Chris Allen Lane", User, "Gainesville, FL"
mikeal, "Mikeal Rogers", User, "San Francisco"
spacelan, "SPACELAN", User, "Beijing"
XhstormR, "XhstormR", User, "China"
bvaughn, "Brian Vaughn", User, "Mountain View, CA"
imgntn, "James B. Pollack", User, "San Francisco, CA"
TooBug, "TooBug", User, "ShenZhen, China"
benfred, "Ben Frederickson", User, "Vancouver, BC"
rusher81572, "Phillip Tribble", User, "East Bay, CA"
catalinmiron, "Catalin Miron", User, "Bucharest"
sindresorhus, "Sindre Sorhus", User, "° ☾ ☆ ¸. ¸　★  :.　 . • ○ ° ★"
etiennepinchon, "Etienne Pinchon", User, "France"
sanchitgn, "Sanchit Nevgi", User, "Bangalore, India"
anvaka, "Andrei Kashcha", User, "Seattle "
scriptify, "Maximilian Torggler", User, ""
declandewet, "Declan de Wet", User, "Johannesburg, South Africa"
jbogard, "Jimmy Bogard", User, "Austin, TX"
yanbober, "yanbo", User, "ZhuHai"
mdehoog, "Michael de Hoog", User, ""
mhaagens, "Martin", User, ""
zhufengketang, "珠峰课堂", User, "北京昌平区回龙观东大街3号楼02号东段珠峰培训"
liumingmusic, "nextPage", User, "Chengdu City, Sichuan Province"
diracdeltas, "yan", User, "SF usually"
hanan198501, "阿安", User, "beijing"
rwjblue, "Robert Jackson", User, "Hope, RI"
nolimits4web, "Vladimir Kharlampidi", User, "Rostov-on-Don, Russia"
lourenc, "Korney Vasilchenko", User, "Kiev, Ukraine"
huang303513, "xibeifeng", User, "上海"
ChangQing666, "ChangQing", User, ""
ivantsov, "Alexander Ivantsov", User, "Berlin, Germany"
modood, "mwn", User, "TianJin.China"
developit, "Jason Miller", User, "Hamilton, Ontario, Canada"
ipselon, "Alex Pustovalov", User, "Ukraine"
SKAhack, "Hiroki Sato", User, "Japan"
alanwangmodify, "王小树", User, "深圳"
weslleyaraujo, "Weslley Araujo", User, "Amsterdam"
bgryszko, "Bart Gryszko", User, ""
prayerslayer, "Nikolaus Piccolotto", User, "Berlin, Germany"
phenax, "Akshay Nair", User, "Mumbai, India"
elsehow, "nick merrill", User, "berkeley"
davedavehong, "dai hong", User, ""
michael-yin, "Michael Yin", User, "China.YiChang"
izelnakri, "Izel Nakri", User, "Amsterdam"
ncase, "Nicky Case", User, ""
addyosmani, "Addy Osmani", User, "London, England"
latel, "kevin", User, "Shenzhen Nanshan Distinct"
infosec-au, "Shubs", User, "Sydney, Australia"
erikras, "Erik Rasmussen", User, "Spain"
mstijak, "Marko Stijak", User, "Banja Luka, Bosnia and Herzegovina"
OYsun, "", User, ""
andreapaiola, "Andrea Paiola", User, "Turin, Italy"
Swizec, "Swizec Teller", User, "San Francisco"
giuseppeg, "Giuseppe", User, ""
jeffbski, "Jeff Barczewski", User, "St. Louis, MO (USA)"
ratiw, "Rati Wannapanop", User, "Thailand"
almonk, "Alasdair Monk", User, ""
andreleon, "Léon Smit", User, "Amsterdam"
ymgd, "codereader", User, "Beijing"
noam3127, "", User, "New Jersey"
OlegIlyenko, "Oleg Ilyenko", User, "localhost"
grvcoelho, "Guilherme Rv Coelho", User, "Jundiai, Brazil"
githubwing, "大精-wing", User, "guangzhou,China"
florent37, "Florent CHAMPIGNY", User, "France"
shaohui10086, "邵辉Vista", User, ""
czy1121, "ezy", User, "东莞"
Piasy, "Piasy", User, "Beijing, China"
codeestX, "Est", User, "Shanghai, China"
gjiazhe, "郭佳哲", User, "Guangzhou, China"
hejunlin2013, "逆流的鱼yuiop", User, "Beijing, China"
ImmortalZ, "ImmortalZ", User, "Cheng du "
amitshekhariitbhu, "AMIT SHEKHAR", User, "New Delhi, India"
mcxtzhang, "张旭童", User, "Shanghai,China"
ssseasonnn, "Season", User, "ChengDu"
erttyy8821, "DA-XIA", User, "Taiwan"
limedroid, "WangLei", User, "Shenzhen.China"
developer-shivam, "Shivam Satija", User, "New Delhi, India"
Kelin-Hong, "KelinHong", User, "XiaMen,China"
UFreedom, "UFreedom", User, "Beijing.China"
CarGuo, "Shuyu Guo", User, "China"
lygttpod, "", User, ""
nickbutcher, "Nick Butcher", User, "London"
a-voyager, "WuHaojie", User, "ChengDu, SiChuan, China"
Hitomis, "Hitomi", User, "Wuhan, China."
mancj, "Mansur", User, "Russia"
IntruderShanky, "Intruder Shanky", User, "Sonepat, Haryana"
philliphsu, "Phillip Hsu", User, ""
race604, "吴晶", User, "Beijing, China"
thelong1EU, "Razvan Lung", User, "România"
VictorAlbertos, "Víctor Albertos", User, "Alicante (Spain)"
HuTianQi, "hq_sunshine", User, ""
matrixxun, "xwhy", User, "HangZhou China"
JoaquimLey, "Joaquim Ley", User, "Lisbon, Portugal"
Freelander, "G军仔", User, "Guangzhou, China"
a371166028, "Marshon", User, ""
lawloretienne, "Etienne Lawlor", User, "San Francisco"
ToDou, "", User, "China,Beijing"
brianway, "魏楚阳", User, "Wuhan,China"
DreaminginCodeZH, "Zhang Hai", User, "Hangzhou, Zhejiang"
garretyoder, "Garret Yoder", User, "United States"
yingLanNull, "yingLan", User, "BeiJing"
niniloveyou, "deadline", User, "Hangzhou, China"
SilenceDut, "", User, "GuangZhou,China"
fishwjy, "Vincent", User, "Chengdu, China"
jineshfrancs, "Jinesh Francis", User, "Banglore"
dudu90, "", User, "Beijing"
jiangzehui, "jiangzehui", User, "HeBei,China"
wangshaolei, "Len", User, "ZhengZhou"
linglongxin24, "DylanAndroid", User, "shanxi,xian"
vikramkakkar, "Vikram", User, "Toronto, ON"
Ajian-studio, "GAStudio", User, "Beijing,China"
forezp, "Forezp", User, "wuhan,China"
gongwen, "龚文", User, "BeiJing"
jaychang0917, "Jay", User, "Hong Kong"
woxingxiao, "Xiao", User, "ChengDu, China"
android-notes, "", User, ""
ByoxCode, "Oscar Gilberto Medina Cruz", User, "Matamoros, Coahuila, México."
peng8350, "Mr.peng", User, "GuangDong,China"
Chen-Sir, "Sir.Chen", User, "Chengdu,China."
suzeyu1992, "szysky", User, "BeiJing"
Luolc, "LoLo", User, "Beijing, China"
kayan1990, "", User, ""
andyxialm, "", User, "Beijing, China"
hpdx, "android_ls", User, "上海市徐汇区"
zagum, "Zagumennyi Evgenii", User, ""
weavey, "Weavey", User, "China"
zhengken, "zhengken", User, "Beijing"
barryhappy, "Barry", User, "Shanghai,China"
DmitriyZaitsev, "Dmitriy Zaitsev", User, "Kiev, UA"
devsideal, "|))EV/EN", User, "Indore MP, India"
daniel-stoneuk, "Daniel Stone", User, "United Kingdom"
xinghongfei, "Maat红飞", User, "Beijing,China"
irfaan008, "Irfan Raza", User, "Delhi, India"
uncleleonfan, "", User, ""
KingsMentor, "Nosakhare Belvi", User, "Lagos"
MartinRGB, "MartinRGB", User, "Beijing,China"
gavinliu, "Liu Yunlong", User, "Chengdu, China"
HalfStackDeveloper, "HalfStackDeveloper", User, "Beijing China"
julian-klode, "Julian Andres Klode", User, "Germany"
ittianyu, "ittianyu", User, ""
NodensN, "", User, "Bordeaux"
HuanHaiLiuXin, "幻海流心", User, ""
SwiftyWang, "SwiftyWang", User, "Hong Kong"
JakeWharton, "Jake Wharton", User, "Pittsburgh, PA, USA"
proninyaroslav, "Yaroslav Pronin", User, "Russian Federation"
bingoogolapple, "王浩", User, "Chengdu, China"
memfis19, "Rodion Surzhenko", User, "Ukraine"
Bakumon, "食梦兽", User, "Xi'an China"
mayubao, "", User, ""
ronaldsmartin, "Ronald Martin", User, "San Francisco, CA"
yuweiguocn, "yuweiguo", User, "Beijing"
SuperMan42, "", User, ""
rubensousa, "Rúben Sousa", User, "Braga, Portugal"
pcevikogullari, "Pamir Cevikogullari", User, "Istanbul / Turkey"
Freshman111, "sgffsg", User, " Beijing"
samanyougarg, "Samanyou Garg", User, "Manchester, United Kingdom"
smart-fun, "Arnaud Guyon", User, ""
alexjlockwood, "Alex Lockwood", User, "Manhattan, NY"
vivian8725118, "Vivian", User, "China"
vaigunth, "Vaigunth Chakkarapani", User, ""
yanzhenjie, "严振杰", User, "Hangzhou China"
jrvansuita, "Júnior Vansuita", User, "Gaspar - SC, Brazil"
diamondlin2016, "", User, ""
codbking, "codbking", User, ""
ladingwu, "ladingwu", User, "China GuangZhou"
yakivmospan, "Yakiv Mospan", User, "Lviv, Ukraine"
Yellow5A5, "", User, "Hangzhou"
FJ917, "", User, ""
jparkie, "Jacob Park", User, ""
guolindev, "郭霖", User, ""
armcha, "Arman", User, "Armenia"
xenione, "Xenione", User, "Valencian Country"
closedevice, "sbbic", User, ""
wuapnjie, "FlyingSnowBean", User, ""
zhonghanwen, "HanWen", User, "GuangZhou, China"
huage2580, "狸小华", User, "china 广州"
CGmaybe10, "", User, ""
zhangyuChen1991, "zhangyu", User, "ShenZhen_China"
maoruibin, "咕咚", User, "Beijing"
yegor256, "Yegor Bugayenko", User, "Palo Alto, CA"
codemybrainsout, "codemybrainsout", User, "New Delhi, India"
Stuie, "Stuart Gilbert", User, "San Francisco, CA"
LuoboDcom, "yoosir", User, ""
liuguangqiang, "Eric", User, "China"
AmniX, "Aman tonk", User, "India"
Assassinss, "ShangjingZhu", User, "GuangZhou"
RiccardoMoro, "Riccardo Moro", User, "Bergamo, Italy"
yanbober, "yanbo", User, "ZhuHai"
munix, "Juan Pablo Muñiz", User, "Madrid"
RameshBhupathi, "Ramesh Bhupathi", User, "Hyderabad,India"
songixan, "songxian", User, ""
lopei, "Alan Matviienko", User, ""
Sloy, "Rafa Vázquez", User, "Barcelona, Spain"
zuoweitan, "", User, ""
aykuttasil, "Aykut Asil", User, "Turkey"
yiyuanliu, "Yiyuan Liu", User, "ChengDu,China"
burgessjp, "_SOLID", User, "Chengdu,China"
fashare2015, "梁山boy", User, ""
MatteoBattilana, "Matteo Battilana", User, "Trento, Italy"
AndroidMsky, "MutianLiang", User, ""
liudongmiao, "Liu DongMiao", User, ""
ChyengJason, "俊森", User, ""
niuxiaowei, "", User, ""
kevalpatel2106, "Keval Patel", User, "Ahemedabad"
uin3566, "Fang.Xu", User, "GuangZhou,China"
zaaach, "Bro0cL", User, ""
gnehsuy, "", User, ""
chenenyu, "Half Stack", User, "Beijing.China"
tarek360, "Ahmed Tarek", User, "Egypt"
BeppiMenozzi, "", User, ""
TellH, "乐华", User, "GuangDong"
Ishmeetsingh97, "Ishmeet Singh", User, "Chandigarh"
gsh199449, "GaoShen", User, ""
0ximDigital, "Mihael Francekovic", User, "Croatia"
kalessil, "Vladimir Reznichenko", User, "Karlsruhe, Germany"
jiang111, "NewTab", User, "Wuxi, China"
wuyinlei, "若兰明月", User, "北京朝阳"
AndroidDeveloperLB, "", User, ""
Kapeli, "Bogdan Popescu", User, ""
iphone5solo, "CoderKo1o", User, ""
gyjzh, "gyjzh", User, "Beijing China"
cyanzhong, "Cyan", User, "Hangzhou China"
ptmt, "Dima", User, "Novosibirsk"
kangzubin, "Zubin", User, "Beijing, China"
liuzhiyi1992, "", User, "Guangzhou, China"
castial, "", User, ""
yate1996, "WillkYang", User, "四川省成都市"
zhengwenming, "文明", User, "北京"
brentsimmons, "", User, ""
youusername, "", User, ""
hamzasood, "Hamza Sood", User, ""
ming1016, "戴铭", User, "北京"
EnjoySR, "EnjoySR", User, ""
tingxins, "tingxins", User, ""
southpeak, "Minya", User, ""
tiantianlan, "tianlan", User, ""
jkpang, "jkpang", User, "shenzhen,China"
zekunyan, "zekunyan", User, "Hangzhou.China"
music4kid, "mrpeak", User, "HangZhou"
CoderVan, "Aim", User, ""
dhirajjadhao, "Dhiraj Rajendra Jadhao", User, "Pune, India"
netyouli, "吴海超(WHC)", User, "shanghai"
lyb5834, "yuanbo li", User, ""
emoRaivis, "Raivis", User, "Riga, Latvia"
HelloYeah, "HelloYeah", User, ""
dani-gavrilov, "Gavrilov Daniil", User, "Saint-Petersburg, Russia"
hackiftekhar, "Mohd Iftekhar Qurashi", User, "Chandametta, Madhya Pradesh, India"
JoySeeDog, "", User, ""
StanlyHardy, "Stanly Moses", User, "Madurai"
Sinkup, "Hao Chen", User, "Nanjing, China"
LinXunFeng, "林洵锋", User, "ShenZhen, China"
steventroughtonsmith, "Steven Troughton-Smith", User, "Dublin, Ireland"
songrotek, "Flood Sung", User, "China"
alexjc, "Alex J. Champandard", User, "Vienna, Austria"
rushter, "Artem Golubin", User, "Russia"
miloyip, "Milo Yip", User, "Hong Kong, China"
buriburisuri, "Namju Kim", User, "Gangnam, Seoul, Republic of Korea."
drathier, "Filip Haglund", User, "Sverige"
kennethreitz, "Kenneth Reitz", User, "Winchester, VA"
Kyubyong, "Kyubyong Park", User, "Seoul, Korea"
xianhu, "xianhu", User, ""
ParhamP, "Parham Pourdavood", User, "Los Angeles, California"
CreatCodeBuild, "Albert X.W.", User, "USA"
xdavidhu, "", User, "Hungary"
anantdgoel, "Anant Goel", User, ""
ceteri, "Paco Nathan", User, "Sebastopol, CA"
khamidou, "Karim Hamidou", User, "San Francisco, CA"
lakshaykalbhor, "Lakshay Kalbhor", User, "New Delhi, India"
despoisj, "Julien Despois", User, "Paris, France"
joowani, "Joohwan Oh", User, ""
NicolasHug, "Nicolas HUG", User, "Toulouse, France"
tkipf, "Thomas Kipf", User, "Amsterdam"
SullyChen, "Sully Chen", User, "Los Angeles"
hanzhanggit, "Han Zhang", User, "Piscataway, NJ, USA"
cameronfabbri, "Cameron Fabbri", User, "Rome, NY"
Jolly23, "Jolly", User, ""
anantzoid, "Anant Gupta", User, "New Delhi, India"
torchhound, "JC", User, "Bloomington, Indiana"
jhao104, "", User, ""
maxhodak, "Max Hodak", User, "Palo Alto, CA"
TheAbhiKumar, "Abhishek Kumar", User, "UC San Diego"
manwhoami, "Noah O", User, "Western MA"
kaonashi-tyc, "Yuchen Tian", User, "San Francisco"
julian121266, "Julian Zilly", User, "Switzerland"
evilcos, "evilcos", User, ""
stamparm, "Miroslav Stampar", User, "Zagreb, Croatia"
corna, "Nicola Corna", User, "Bergamo, Italy"
phith0n, "phithon", User, ""
ardila, "Diego Ardila", User, ""
leegao, "Lee Gao", User, "Menlo Park, CA"
inejc, "Nejc Ilenic", User, "Ljubljana, Slovenia"
nedwill, "Ned Williamson", User, "Pittsburgh, PA"
pcbje, "Petter Christian Bjelland", User, "Oslo, Norway"
JakeWharton, "Jake Wharton", User, "Pittsburgh, PA, USA"
llSourcell, "Siraj", User, "San Francisco, CA"
dagrz, "Daniel Grzelak", User, "Australia"
gutfeeling, "Dibya Chakravorty", User, "India"
paarthneekhara, "Paarth Neekhara", User, "IIT Roorkee"
mwichary, "Marcin Wichary", User, "San Francisco, CA"
ethan-funny, "Ethan", User, ""
marcopaz, "Marco Pazzaglia", User, ""
ericmjonas, "Eric Jonas", User, ""
bharadwaj-raju, "Bharadwaj Raju", User, "India"
seiferteric, "Eric Seifert", User, "Sacramento, CA"
jimfleming, "Jim Fleming", User, "San Francisco, CA"
sarahsharp, "Sarah Sharp", User, ""
tiann, "weishu", User, "Beijing, China"
jiamings, "Tony Song", User, "Stanford, CA"
ajarai, "Goku Mohandas", User, "Cupertino, CA"
joxeankoret, "Joxean", User, "Basque Country"
ayushoriginal, "Ayush Pareek", User, ""
CYHSM, "CYHSM", User, ""
Zeta36, "Samuel Graván", User, "Spain"
stedmeister, "", User, ""
hugorut, "Hugo Rut", User, ""
GiacomoLaw, "Giacomo Lawrance", User, "UK"
yanpanlau, "Ben Lau", User, "Hong Kong"
junrushao1994, "Junru Shao", User, "Shanghai, China"
arpitbbhayani, "Arpit Bhayani", User, "Hyderabad"
robbiebarrat, "Robbie Barrat", User, "WV"
jxwufan, "Fan Wu", User, ""
Enny1991, "Enea Ceolini", User, ""
JonathanSalwan, "Jonathan Salwan", User, "France - Gulf of Morbihan"
zhebrak, "Alexander Zhebrak", User, "Moscow, Russia"
igogo-x86, "", User, ""
Viralmaniar, "Viral Maniar", User, "Australia"
yrq110, "", User, "Beijing, China"
aziz, "Allen Bargi", User, "Gothenburg, Sweden"
violentshell, "", User, ""
sihaelov, "Michael Sinov", User, "Russia"
clr2of8, "Carrie Roberts", User, ""
umputun, "Umputun", User, "USA"
scottlawsonbc, "Scott Lawson", User, ""
yassineaddi, "Yassine Addi", User, "Morocco"
xunhuang1995, "Xun Huang", User, "Ithaca"
yenchenlin, "Yen", User, ""
LiuXingMing, "幸明老匹夫", User, "China.Guangzhou"
theveloped, "", User, ""
avatsaev, "Vatsaev Aslan", User, ""
Cosmo, "Devran Ünal", User, "Munich, Germany"
krzysztofzablocki, "Krzysztof Zabłocki", User, "Warsaw, Poland"
SebastianBoldt, "Sebastian Boldt", User, "Hamburg"
marciok, "Marcio Klepacz", User, ""
orazz, "Orazz", User, "Ashgabat, Turkmenistan"
onmyway133, "Khoa Pham", User, "Oslo, Norway"
dalu93, "Luca D'Alberti", User, "Prague, Czech Republic"
edopelawi, "Ricardo Pramana Suranta", User, "Jakarta, ID"
kf99916, "Zheng-Xiang Ke", User, "Taipei, Taiwan"
ennioma, "Ennio", User, "London, Naples"
ijoshsmith, "Josh Smith", User, ""
plu, "Johannes Plunien", User, "Dubai, UAE"
markohlebar, "Marko Hlebar", User, ""
brianmichel, "Brian Michel", User, "New York"
HamzaGhazouani, "Hamza Ghazouani", User, "Paris "
sasojadrovski, "Sasho Jadrovski", User, "Skopje, Macedonia"
malcommac, "Daniele Margutti", User, "Rome, Italy"
candostdagdeviren, "Candost Dagdeviren", User, "Hamburg, Germany"
BohdanOrlov, "Bohdan Orlov", User, "London"
marmelroy, "Roy Marmelstein", User, "Paris, France"
Augustyniak, "Rafał Augustyniak", User, "Warsaw"
yannickl, "Yannick Loriot", User, "Paris, France"
qiuncheng, "Qiun Cheng", User, "China"
insidegui, "Guilherme Rambo", User, "Brazil"
shoheiyokoyama, "Shohei Yokoyama", User, "Japan"
azimin, "Alex", User, "Moscow, Russia"
hungtruong, "Hung Truong", User, "Ann Arbor, MI"
erikolsson, "Erik Olsson", User, "Stockholm"
mergesort, "Joe Fabisevich", User, "New York City"
jinSasaki, "Jin Sasaki", User, "Tokyo"
AkdM, "Anthony Da Mota", User, "France"
TBXark, "TBXark", User, "Beijing China"
harlanhaskins, "Harlan", User, "Rochester, NY 14623"
youngsoft, "欧阳大哥", User, "Beijing China"
NghiaTranUIT, "Nghia Tran", User, "Ho Chi Minh City, Viet Nam"
nst, "Nicolas Seriot", User, "Switzerland"
eBardX, "J. G. Pusey", User, "Cos Cob, CT"
sahandnayebaziz, "Sahand Nayebaziz", User, "New York, New York"
OrRon, "Or Ron", User, "Israel"
johnno1962, "John Holdsworth", User, "London Docklands"
gokulgovind, "Gokul", User, "Chennai"
baoyongzhang, "Mr.Bao", User, "Beijing, China"
pascalbros, "Pasquale Ambrosini", User, ""
rshevchuk, "Ruslan Shevchuk", User, "New York, USA"
rolandleth, "Roland Leth", User, "Bucharest, Romania"
lorentey, "Károly Lőrentey", User, "Budapest, Hungary"
dduan, "Daniel Duan", User, ""
ming1016, "戴铭", User, "北京"
mattgallagher, "Matt Gallagher", User, "Melbourne, Australia."
wess, "Wess Cope", User, "Clover, SC"
twostraws, "Paul Hudson", User, "Bath, UK"
evermeer, "Edwin Vermeer", User, "Wieringerwaard"
cemolcay, "Cem Olcay", User, "San Francisco"
nunogoncalves, "Nuno Gonçalves", User, "Lisbon"
Fnoz, "Lu WJ", User, "Hangzhou, China"
Herb-Sun, "Herb", User, ""
victorBaro, "Victor Baro", User, "Barcelona"
vitormesquita, "Vitor Mesquita", User, "Campo Grande, Brazil"
sergdort, "", User, ""
andrealufino, "Andrea Mario Lufino", User, "Milan, Italy"
tidwall, "Josh Baker", User, "Tempe, AZ"
jaksi, "Kristóf Jakab", User, "Hungary"
mhausenblas, "Michael Hausenblas", User, "Galway, Ireland"
kelseyhightower, "Kelsey Hightower", User, "Portland, OR"
dop251, "Dmitry Panov", User, "London, UK"
samonzeweb, "Samuel GAY", User, "Strasbourg - France"
huacnlee, "Jason Lee", User, "Chengdu,China"
donutloop, "Marcel Edmund Franke", User, "Berlin"
travisjeffery, "Travis Jeffery", User, "Toronto"
asobti, "Ayush Sobti", User, "Philadelphia, PA"
cstockton, "Chris Stockton", User, "Phoenix, AZ, USA"
haya14busa, "haya14busa", User, "Kyoto, Japan"
oelmekki, "Olivier El Mekki", User, "Dijon, France"
mikaa123, "Michael Sokol", User, "Paris, France"
johnathanhowell, "Johnathan Howell", User, "Cambridge, MA"
neelance, "Richard Musiol", User, "Berlin, Germany"
geohot, "George Hotz", User, "Glen Rock, NJ"
wgliang, "wangguoliang", User, ""
logrusorgru, "Konstantin Ivanov", User, "Russia"
DiSiqueira, "Diego Siqueira", User, "Bauru, São Paulo - Brasil"
dannyvankooten, "Danny van Kooten", User, "Nijmegen, The Netherlands"
pureconfig, "", User, ""
milochristiansen, "Milo Christiansen", User, "Michigan, USA"
gudegg, "gude", User, "Hangzhou,China"
emmanuel-keller, "Emmanuel Keller", User, ""
mtojek, "Marcin Tojek", User, "Gdansk, Poland"
skelterjohn, "John Asmuth", User, "New York, New York"
qieangel2013, "Qiufang Zhang", User, "Beijing, China"
xsank, "xsank", User, "Hangzhou, China"
vesche, "Austin Jackson", User, "USA"
jochasinga, "Joe Chasinga", User, "New York City"
felixge, "Felix Geisendörfer", User, "Berlin, Germany"
atongen, "Andrew Tongen", User, "Minneapolis, MN"
gen2brain, "Milan Nikolic", User, "Belgrade, Serbia"
Luxurioust, "Ri Xu", User, ""
schollz, "Zack", User, ""
lacion, "Luis Morales", User, "Madrid"
wendigo, "Mateusz Gajewski", User, "Poland, Warsaw"
Xeoncross, "David Pennington", User, "Dallas, Texas"
erikh, "Erik Hollensbe", User, "San Francisco, CA"
hanbang-wang, "SuperFashi", User, "Beijing, China"
renatomarinho, "Renato Marinho", User, "LX-PT / RJ-BR"
orangetw, "Orange Tsai", User, "Taiwan"
cviebrock, "Colin Viebrock", User, ""
jcc, "Jiajian Chan", User, "Guangzhou"
ijry, "jry", User, ""
kaienkira, "kaien", User, "Shanghai.China"
jwage, "Jonathan H. Wage", User, "Nashville, TN"
opsxcq, "", User, ""
maysrp, "Xiaosea", User, "china"
summerblue, "CharlieJade", User, "ShenZhen China"
JamesTheHacker, "JamesTheHacker", User, "United Kingdom"
cytopia, "cytopia", User, "Berlin, Germany"
We5ter, "Wester", User, "Chengdu,China"
antonioribeiro, "Antonio Carlos Ribeiro", User, ""
yuan1994, "tianpian", User, "北京市朝阳区"
damiantw, "", User, ""
ryanjay0, "Ryan", User, ""
koth, "", User, ""
cysmith, "Cameron", User, ""
kw-udon, "Keiichi Watanabe", User, "The University of Tokyo"
begla, "Benjamin Glatzel", User, "Germany"
JakobEngel, "", User, ""
DmitryUlyanov, "Dmitry Ulyanov", User, "Moscow"
ashtuchkin, "Alexander Shtuchkin", User, "San Francisco"
WindyDarian, "Windy Darian", User, "Philadelphia"
tobefuturer, "杨君", User, ""
antire-book, "Programming Linux Anti-Reversing Techniques", User, ""
NytroRST, "Ionut Popescu", User, "Romania"
SullyChen, "Sully Chen", User, "Los Angeles"
alexhude, "Alexander Hude", User, "Melbourne, Australia"
foonathan, "Jonathan Müller", User, "Germany"
rescrv, "Robert Escriva", User, "Ithaca, NY"
fdiskyou, "", User, "London, UK"
prsyahmi, "Syahmi Azhar", User, ""
dekimir, "Dejan Mircevski", User, "Waterloo, Ontario"
Dor1s, "Max Moroz", User, ""
arkenthera, "arkenthera", User, ""
Erkaman, "Eric Arnebäck", User, "Sweden, Gothenburg"
jgamblin, "Jerry Gamblin", User, "United States"
mattrajca, "Matt Rajca", User, "Chicago"
timwr, "Tim", User, ""
mempodippy, "blank", User, "Edinburgh, Scotland"
robinhouston, "Robin Houston", User, "London"
adtac, "Adhityaa Chandrasekar", User, ""
0x27, "David Davidson", User, "In your SQL queries... Droppin' yo database."
xyzxqs, "xyzxqs", User, "China"
1N3, "1N3", User, ""
ronsoros, "", User, ""
krakjoe, "Joe Watkins", User, "United Kingdom"
mbevand, "", User, ""
scumjr, "", User, ""
robertdavidgraham, "Robert David Graham", User, "@ErrataRob"
benjamin-42, "Benjamin Randazzo", User, "Paris, France"
jedisct1, "Frank Denis", User, "Paris, France"
codr4life, "Andreas", User, ""
mjosaarinen, "Markku-Juhani O. Saarinen", User, ""
graydon, "Graydon Hoare", User, "Vancouver, BC"
James-Gallagher, "James Gallagher", User, "United Kingdom"
boywhp, "", User, ""
SilverMoonSecurity, "moony li", User, ""
emilk, "Emil Ernerfeldt", User, "Stockholm, Sweden"
carloscuesta, "Carlos Cuesta", User, "Barcelona"
Heydon, "Heydon Pickering", User, "Norwich, UK"
mike-schultz, "Mike Schultz", User, "San Diego, CA"
mifi, "Mikael Finstad", User, "Oslo, Norway"
webkul, "Webkul", User, "Noida , India"
dolce, "Marcelo Dolce", User, "Brasil"
raphaelfabeni, "Raphael Fabeni", User, "São Paulo/SP"
electerious, "Tobias Reich", User, "Germany"
eliorshalev, "Elior Shalev Tabeka", User, "Tel Aviv"
murat-cileli, "Murat Çileli", User, "Turkey"
toddmotto, "Todd Motto", User, "England, UK"
kennethreitz, "Kenneth Reitz", User, "Winchester, VA"
comdan66, "OA Wu", User, "Taiwan"
tmoreton, "Tim Moreton Jr", User, "New York City, NY"
alecrios, "", User, ""
qieguo2016, "茄果", User, ""
jonsuh, "Jonathan Suh", User, "Chicago"
elky, "elky", User, "Chelyabinsk, Russia"
wesbos, "Wes Bos", User, "Hamilton, Ontario"
jgthms, "Jeremy Thomas", User, "London"
dirtycow, "DirtyCow", User, "Brasil"
pawelgrzybek, "Pawel Grzybek", User, "Northampton / UK"
RobinLinus, "RobinLinus", User, ""
jaywcjlove, "小弟调调™", User, "Shanghai, China"
callmelanmao, "callmelanmao", User, ""
rougier, "Nicolas P. Rougier", User, "Bordeaux"
josephernest, "", User, "Orleans (France)"
samayshamdasani, "Samay Shamdasani", User, "New Jersey, USA"
TrumpTracker, "", User, ""
hbxeagle, "eagle.h", User, ""
luyishisi, "luyishisi", User, ""
tiaanduplessis, "Tiaan", User, "Cape Town, South Africa"
dhparkdh, "dhpark", User, "Seoul"
notwaldorf, "Monica Dinculescu", User, "Sun Funcisco ☀️"
jamielhf, "jamie", User, ""
ryanhoo, "Ryan Hoo", User, "Shenzhen, China."
jacquerie, "Jacopo Notarstefano", User, "Geneva, Switzerland"
ivanceras, "", User, ""
surikov, "Srgy Surkv", User, "Nizhniy Novgorod, Russia"
davestewart, "Dave Stewart", User, "London, UK"
WardCunningham, "Ward Cunningham", User, "Portland, Oregon"
adamcooke, "Adam Cooke", User, "Dorset, United Kingdom"
KrauseFx, "Felix Krause", User, "San Francisco"
antisnatchor, "antisnatchor", User, ""
aleks, "Aleks", User, "Germany"
iberianpig, "iberianpig", User, "Tokyo"
michaelfeathers, "Michael Feathers", User, ""
michenriksen, "Michael Henriksen", User, "Berlin, Germany"
keepcosmos, "Jaehyun Shin", User, "Seoul"
chendo, "Jack Chen", User, "Melbourne, Australia"
Mrs4s, "", User, ""
keijiro, "Keijiro Takahashi", User, "Japan"
JimBobSquarePants, "James Jackson-South", User, "Sydney"
Tlaster, "Tlaster", User, ""
EduardoPires, "Eduardo Pires", User, "São Paulo"
sabresaurus, "Sabresaurus", User, ""
yuleyule66, "Savorboard", User, "ChengDu, China"
Screetsec, "Edo -maland-", User, "INDONESIA"
pimterry, "Tim Perry", User, "Barcelona, Spain"
MakeNowJust, "TSUYUSATO Kitsune", User, "Japan, Tokyo"
thomaspaulmann, "Thomas Paul Mann", User, "Munich, Germany"
sroberts, "Scott J. Roberts", User, "Columbus, OH"
Cyclenerd, "Nils", User, "Hamburg, Germany"
uptownhr, "James Lee", User, "Los Angeles"
b3rito, "", User, ""
hs-cx, "Heston S.", User, "Phoenix, AZ"
NicoHood, "Nico", User, ""
Algomancer, "Adam Hibble", User, "Brisbane, AU"
weavejester, "James Reeves", User, "London, UK"
mogenslund, "Mogens Brødsgaard Lund", User, "Aarhus, Denmark"
escherize, "Bryan Maass", User, "Sydney, NSW, Australia"
michelson, "Miguel Michelson Martinez", User, "Santiago, Chile"
nathancahill, "Nathan Cahill", User, ""
phillipi, "Phillip Isola", User, ""
jcjohnson, "Justin Johnson", User, ""
reedscot, "Scott Ellison Reed", User, "London, UK"
cvondrick, "Carl Vondrick", User, "Cambridge, MA"
r00t-3xp10it, "pedro ubuntu", User, "Lisbon - portugal"
steveshogren, "Steve Shogren", User, ""
extr0py, "", User, "Seattle, WA"
liuchengxu, "Liu-Cheng Xu", User, ""
lifepillar, "Lifepillar", User, ""
rhysd, "Linda_pp", User, "Tokyo, Japan"
cassidoo, "Cassidy Williams", User, "Seattle, WA"
yuttie, "Yuta Taniguchi", User, ""
yihui, "Yihui Xie", User, "Omaha, NE"
ZuzooVn, "Nam Vu", User, "Vietnam"
Developer-Y, "", User, ""
255kb, "Guillaume", User, "Luxembourg"
noffle, "Stephen Whitmore", User, "The tundra of Canada"
nothings, "Sean Barrett", User, ""
AnthonyCalandra, "Anthony Calandra", User, "Waterloo, Ontario, Canada"
rstacruz, "Rico Sta. Cruz", User, "Manila, Philippines"
VoLuong, "Luong Vo Tran Thanh", User, "Ho Chi Minh city"
keonkim, "Keon Kim", User, "NYC"
BruceDone, "Bruce Tang", User, "China ShenZhen"
McFrankline, "", User, ""
sbrugman, "Simon Brugman", User, ""
GeekLiB, "Albert Lee", User, "San Francisco,CA"
sangupta, "Sandeep Gupta", User, "Noida - India"
ruanyf, "Ruan YiFeng", User, "Shanghai, China"
soumith, "Soumith Chintala", User, "New York, USA"
AoDevBlue, "Ao", User, ""
xinghongfei, "Maat红飞", User, "Beijing,China"
Nax, "", User, "France"
jivoi, "EK_", User, "Somewhere Out in Space"
allenwong, "Allen Wang", User, "Hangzhou, China."
melnik909, "Stas Melnikov", User, "Penza, Russia"
sindresorhus, "Sindre Sorhus", User, "° ☾ ☆ ¸. ¸　★  :.　 . • ○ ° ★"
sfermigier, "Stefane Fermigier", User, "Paris, France"
1ppm, "1PPM Club", User, "Global"
ggomaeng, "Sung Woo Park", User, "Los Angeles, CA"
adam-s, "Adam S", User, "Fort Lauderdale, FL"
jirengu, "饥人谷", User, "杭州"
QConChina, "", User, ""
mikaelbr, "Mikael Brevik", User, "Trondheim, Norway"
mylxsw, "管宜尧", User, "China"
staltz, "André Staltz", User, "Helsinki, Finland"
daijifeng001, "Jifeng Dai", User, ""
zhengmin1989, "Min (Spark) Zheng", User, ""
duffn, "Nicholas Duffy", User, "Colorado, USA"
Miej, "", User, ""
ryanhoo, "Ryan Hoo", User, "Shenzhen, China."
Gorcenski, "Emily Gorcenski", User, ""
tee4it, "tee4it.com", User, ""
xairy, "Andrey Konovalov", User, ""
prahladyeri, "Prahlad Yeri", User, "Pune, India"
yuguo, "余果", User, "Shenzhen, China"
petergerner, "Gerner Péter", User, "Budapest"
jeantil, "Jean Helou", User, "Lyon, France"
jonschlinkert, "Jon Schlinkert", User, "Cincinnati, OH"
knowbody, "Mateusz Zatorski", User, "London"
mafintosh, "Mathias Buus", User, "Copenhagen, Denmark"
roman01la, "Roman Liutikov", User, "Kyiv, Ukraine"
JosPolfliet, "Jos Polfliet", User, "Toronto, Canada"
bfirsh, "Ben Firshman", User, ""
jasnell, "James M Snell", User, "Fresno, California"
gutfeeling, "Dibya Chakravorty", User, "India"
jakearchibald, "Jake Archibald", User, ""
gradiuscypher, "gradius", User, "Internet Spaceship"
liuchengxu, "Liu-Cheng Xu", User, ""
paf31, "Phil Freeman", User, "Los Angeles, CA"
adminho, "", User, ""
drakeet, "drakeet", User, "Hangzhou, China"
hindupuravinash, "Avinash Hindupur", User, ""
caisah, "", User, "Cluj Napoca, Romania"
DxF5H, "Benjamin", User, "Kassel"
passy, "Pascal Hartig", User, "London, UK"
kendricktan, "Kendrick Tan", User, "Brisbane, Australia"
sjchoi86, "Sungjoon", User, "Seoul"
limedroid, "WangLei", User, "Shenzhen.China"
zoeminghong, "葛佳兴", User, ""
vicky002, "Vikesh Tiwari", User, "San Francisco"
manasthakur, "Manas Thakur", User, "Chennai, India"
amitshekhariitbhu, "AMIT SHEKHAR", User, "New Delhi, India"
alicegoldfuss, "Alice Goldfuss", User, ""
Miserlou, "Rich Jones", User, "/dev/null"
aviaryan, "Avi Aryan", User, "Gandhinagar, India"
zeit, "ZEIT", Organization, ""
sveltejs, "Svelte", Organization, ""
FormidableLabs, "Formidable", Organization, "Seattle, WA"
googlesamples, "Google Samples", Organization, ""
gchq, "GCHQ", Organization, "UK"
nuxt, "NUXT", Organization, ""
material-components, "Material Components", Organization, ""
dollarshaveclub, "Dollar Shave Club", Organization, "Venice, CA"
ForestAdmin, "ForestAdmin", Organization, ""
weui, "WeUI", Organization, "Guangzhou China"
web-pal, "Web-Pal", Organization, "Moscow"
facebooknuclide, "Facebook Nuclide", Organization, "Menlo Park, California"
720kb, "720kb", Organization, ""
appbaseio, "appbase.io", Organization, ""
googlecreativelab, "Google Creative Lab", Organization, ""
monterail, "Monterail", Organization, "Wrocław, Poland"
JSBros, "", Organization, "Online"
fuse-box, "", Organization, ""
screeps, "", Organization, ""
sqreen, "Sqreen", Organization, ""
vue-play, "", Organization, ""
runkitdev, "RunKit", Organization, "San Francisco, CA"
bs-detector, "B.S. Detector", Organization, ""
4Catalyzer, "4Catalyzer", Organization, ""
CERT-BDF, "CERT BDF", Organization, ""
wepyjs, "wepy", Organization, ""
airbnb, "Airbnb", Organization, "San Francisco"
pagarme, "Pagar.me", Organization, "Brazil"
Syncano, "Syncano", Organization, "New York, NY"
Microsoft, "Microsoft", Organization, "Redmond, WA"
RedMail, "RedMail", Organization, ""
team-emt, "", Organization, ""
gloriajs, "Gloria", Organization, ""
ysrc, "YSRC", Organization, ""
douban, "Douban Inc.", Organization, "Beijing, China"
awslabs, "Amazon Web Services - Labs", Organization, "Seattle, WA"
desklamp-js, "Desklamp", Organization, ""
ibmtjbot, "TJ Bot", Organization, ""
knitjs, "Knitjs", Organization, ""
sgsoft-studio, "Saigon Software", Organization, ""
metafizzy, "Metafizzy", Organization, "Alexandria, VA"
codrops, "Codrops", Organization, ""
clari, "Clari", Organization, "Mountain View"
Seedstars, "seedstars", Organization, ""
serverless, "Serverless", Organization, "San Francisco, CA"
cult-of-coders, "", Organization, ""
ElemeFE, "饿了么前端", Organization, "Shanghai"
kickstarter, "Kickstarter", Organization, "Brooklyn, NY"
Tencent, "Tencent", Organization, "Shenzhen, China"
google, "Google", Organization, ""
wonderkiln, "WonderKiln", Organization, "Akron, Ohio"
material-components, "Material Components", Organization, ""
facebookincubator, "Facebook Incubator", Organization, "Menlo Park, California"
Yalantis, "Yalantis", Organization, "Ukraine, Dnipro"
JZ-Darkal, "Darkal", Organization, ""
thunderrise, "Thunderrise Inc.", Organization, ""
hypertrack, "HyperTrack", Organization, ""
Netflix, "Netflix, Inc.", Organization, "Los Gatos, California"
bufferapp, "Buffer", Organization, ""
republique-et-canton-de-geneve, "République et canton de Genève", Organization, "Genève"
douban, "Douban Inc.", Organization, "Beijing, China"
square, "Square", Organization, ""
json-iterator, "", Organization, ""
jrummyapps, "JRummy Apps Inc.", Organization, "Orange County, California"
baidao, "", Organization, ""
vipshop, "唯品会", Organization, "Guangzhou China"
SmartisanTech, "", Organization, ""
thingsboard, "Thingsboard", Organization, ""
androidessence, "", Organization, ""
dianping, "大众点评网", Organization, "Shanghai, China"
Jasonette, "", Organization, ""
zhihu, "Zhihu", Organization, "Beijing, China"
apache, "The Apache Software Foundation", Organization, ""
Karumi, "Karumi", Organization, "Madrid, Spain"
DaylightingSociety, "The Daylighting Society", Organization, ""
asmcup, "Assembly Cup", Organization, ""
Tesco, "Tesco", Organization, "Worldwide"
TinkoffCreditSystems, "Tinkoff Bank", Organization, "Russian Federation"
uptechteam, "UPTech", Organization, "Kiev"
androidthings, "Android Things", Organization, ""
tensorflow, "", Organization, ""
spotbugs, "", Organization, ""
Jasonette, "", Organization, ""
bikkelbroeders, "Bikkelbroeders", Organization, "Delft"
QMUI, "QMUI 团队", Organization, "Guangzhou, China"
googlecreativelab, "Google Creative Lab", Organization, ""
openai, "", Organization, ""
pypa, "Python Packaging Authority", Organization, ""
deepmind, "", Organization, ""
golastmile, "LASTMILE", Organization, "Berlin"
intelxed, "", Organization, "Massachusetts"
ysrc, "YSRC", Organization, ""
pyupio, "pyup.io", Organization, ""
googlecreativelab, "Google Creative Lab", Organization, ""
sslab-gatech, "sslab.gtisc.gatech.edu", Organization, "School of Computer Science, Georgia Tech"
kalliope-project, "", Organization, ""
clab, "Chris Dyer's lab @ LTI/CMU", Organization, "Pittsburgh"
PyFilesystem, "", Organization, ""
Evolving-AI-Lab, "Evolving Artificial Intelligence Lab", Organization, "University of Wyoming"
lightbulb-framework, "", Organization, ""
imatge-upc, "Image Processing Group - BarcelonaTECH - UPC", Organization, "Barcelona"
hashedin, "HashedIn Technologies Pvt. Ltd.", Organization, "Bangalore, India"
yandex, "Yandex", Organization, "Moscow, Russia"
aker-gateway, "Aker SSH Gateway", Organization, ""
Tencent, "Tencent", Organization, "Shenzhen, China"
initialstate, "Initial State", Organization, "Nashville, TN"
mseclab, "Mobile Security Lab", Organization, "Rome"
weaveworks, "Weaveworks", Organization, "London, Berlin and San Francisco"
bokeh, "Bokeh", Organization, ""
alestic, "Alestic (Eric Hammond)", Organization, ""
SonyCSL-Paris, "Sony CSL Paris", Organization, ""
kickstarter, "Kickstarter", Organization, "Brooklyn, NY"
Yalantis, "Yalantis", Organization, "Ukraine, Dnipro"
wayfair, "Wayfair Engineering", Organization, ""
Onix-Systems, "Onix-Systems", Organization, "Ukraine"
Raizlabs, "Raizlabs", Organization, "Boston & Bay Area"
cookiecutter-swift, "", Organization, ""
RxSwiftCommunity, "RxSwift Community", Organization, "World"
WhiskerzAB, "Whiskerz AB", Organization, "Stockholm, Sweden"
GraphQLSwift, "GraphQL Swift", Organization, ""
jobandtalent, "jobandtalent", Organization, "Madrid, Spain"
VivaReal, "VivaReal", Organization, "São Paulo, Brasil"
google, "Google", Organization, ""
Netflix, "Netflix, Inc.", Organization, "Los Gatos, California"
chain, "Chain", Organization, "San Francisco, CA"
jpmorganchase, "J.P. Morgan", Organization, ""
slackhq, "Slack", Organization, "San Francisco & Vancouver"
go-gitea, "Gitea", Organization, "Git Earth"
blox, "", Organization, ""
oklog, "OK Log", Organization, ""
eawsy, "eawsy", Organization, "Le Cloud"
Qihoo360, "Qihoo 360", Organization, "Beijing, China"
github, "GitHub", Organization, "San Francisco, CA"
caicloud, "Caicloud", Organization, "Hangzhou, China"
json-iterator, "", Organization, ""
goreleaser, "GoReleaser", Organization, ""
nuveo, "Nuveo", Organization, "Brazil, Sao Paulo"
cloudinsight, "Cloudinsight", Organization, "Beijing, China"
Dataman-Cloud, "Dataman Cloud", Organization, "Beijing"
manifoldco, "", Organization, ""
o3ma, "open Threema ", Organization, ""
goburrow, "GoBurrow", Organization, ""
stickermule, "Sticker Mule", Organization, "Earth"
gliderlabs, "Glider Labs", Organization, "Austin, TX"
coreos, "CoreOS", Organization, ""
samsarahq, "", Organization, ""
go-gem, "Gem", Organization, ""
franela, "", Organization, ""
aporeto-inc, "Aporeto", Organization, "San Jose, CA"
the-control-group, "The Control Group", Organization, "San Diego"
WhiteHouse, "The White House", Organization, "Washington, D.C."
spatie, "Spatie", Organization, "Antwerp, Belgium"
codecasts, "CODECASTS", Organization, "Brazil"
Tencent, "Tencent", Organization, "Shenzhen, China"
CityOfBoston, "City of Boston", Organization, "Boston, Massachusetts, USA"
jitamin, "jitamin", Organization, ""
Tencent, "Tencent", Organization, "Shenzhen, China"
udacity, "Udacity", Organization, "Mountain View, CA"
Microsoft, "Microsoft", Organization, "Redmond, WA"
facebookincubator, "Facebook Incubator", Organization, "Menlo Park, California"
TorchCraft, "", Organization, ""
google, "Google", Organization, ""
BreakingMalwareResearch, "", Organization, ""
tensorflow, "", Organization, ""
vusec, "VUSec", Organization, ""
modzero, "modzero", Organization, "Winterthur, Switzerland"
grame-cncm, "GRAME", Organization, "Lyon"
espressif, "Espressif Systems", Organization, "Shanghai,China"
nicehash, "NiceHash.com", Organization, ""
Unity-Technologies, "Unity Technologies", Organization, "Copenhagen, Denmark"
trailofbits, "Trail of Bits", Organization, "New York, New York"
IntelLabs, "Intel Labs", Organization, "Around the globe"
commaai, "", Organization, ""
deepmind, "", Organization, ""
minoca, "Minoca", Organization, "Menlo Park, CA"
quiet, "Quiet Modem Project", Organization, ""
veertuinc, "Veertu Inc", Organization, "US"
RedBeardLab, "", Organization, ""
fail0verflow, "fail0verflow", Organization, ""
openai, "", Organization, ""
LineageOS, "Lineage Android Distribution", Organization, ""
devfreebooks, "DevFreeBooks", Organization, ""
redound, "Redound", Organization, ""
apex, "Apex", Organization, "Victoria BC"
mseclab, "Mobile Security Lab", Organization, "Rome"
space10-community, "Space10", Organization, ""
BoxFactura, "Box Factura", Organization, "México"
ElemeFE, "饿了么前端", Organization, "Shanghai"
codrops, "Codrops", Organization, ""
neveragaindottech, "", Organization, ""
layui, "", Organization, "Hangzhou China"
AI-ON, "", Organization, ""
gundb, "GUN", Organization, ""
octobox, "Octobox", Organization, ""
rails, "Ruby on Rails", Organization, ""
LendingHome, "LendingHome", Organization, ""
github, "GitHub", Organization, "San Francisco, CA"
cookpad, "Cookpad Inc.", Organization, "Tokyo, Japan"
Unity-Technologies, "Unity Technologies", Organization, "Copenhagen, Denmark"
aspnet, "", Organization, ""
gojuno, "Juno Inc.", Organization, "Minsk, Belarus"
plexinc, "Plex", Organization, ""
SafeBreach-Labs, "SafeBreach Labs", Organization, "Worldwide"
IFSight, "IF", Organization, ""
akka, "Akka Project", Organization, "Uppsala, Sweden"
ChaosForge, "", Organization, ""
OpenNMT, "", Organization, ""
google, "Google", Organization, ""
diacritic, "Diacritic", Organization, ""
tensorflow, "", Organization, ""
haskus, "", Organization, ""
input-output-hk, "Input Output", Organization, ""
vim-chat, "", Organization, ""
rstudio, "RStudio", Organization, "Boston, MA"
engineerapart, "", Organization, ""
sqreen, "Sqreen", Organization, ""
SmartisanTech, "", Organization, ""
DynamicCocoa, "", Organization, ""
facebookincubator, "Facebook Incubator", Organization, "Menlo Park, California"
flyeralarm, "FLYERALARM", Organization, ""
gdgbeijing, "GDG Beijing", Organization, "Beijing, China"
google, "Google", Organization, ""
joggerplus, "JoggerPlus", Organization, "Beijing,China"
LineageOS, "Lineage Android Distribution", Organization, ""
awslabs, "Amazon Web Services - Labs", Organization, "Seattle, WA"
SKTBrain, "SK T-Brain", Organization, "SK T-Tower"
Geekbang, "极客邦科技", Organization, "Beijing"
github, "GitHub", Organization, "San Francisco, CA"
SwiftOldDriver, "Swift老司机活动中心", Organization, "China"
ExtremeMart, "ExtremeMart(极市平台)", Organization, ""
figs-lab, "Figs", Organization, "Paris, France"
ysrc, "YSRC", Organization, ""
tencentyun, "腾讯云", Organization, "shenzhen"
weixin, "微信", Organization, "Guangzhou, China"
cncf, "Cloud Native Computing Foundation", Organization, ""
MasterStudio, "Master Studio", Organization, "China"
php-pds, "", Organization, ""
thepracticaldev, "The Practical Developer", Organization, "New York City"
laravel, "The Laravel PHP Framework", Organization, ""
ReactNativeNews, "React Native News", Organization, ""
arXivTimes, "arXivTimes", Organization, ""
etsy, "Etsy, Inc.", Organization, "Brooklyn, NY"
NaNoGenMo, "National Novel Generation Month", Organization, ""
PyCN, "PyCN", Organization, "China"
